sim,total.abundance,species.richness,simpson.e,N.max,logmod.skew,clr,frac,choose
0,3746700.999999997,515,0.0874,353583.06729984004,1.0186269214304531,'#D2F141',0.36,'any'
0,69.0,3,0.9511,28.262400000000003,-0.17186706902521351,'#D2F141',0.36,'any'
0,632344.9999999998,372,0.1602,33567.5031552,0.73824018775164979,'#D2F141',0.36,'any'
0,2163255.999999955,9160,0.0249,60890.2432219187,1.3353175112592899,'#D2F141',0.36,'any'
0,996021.9999999995,190,0.0891,167104.76234751998,0.88524594273637391,'#D2F141',0.36,'any'
0,14207.999999999962,1253,0.0294,2095.0548479999998,1.4434989304979311,'#D2F141',0.36,'any'
0,5855.0000000000055,651,0.0637,628.6758379520002,1.0712011258969305,'#D2F141',0.36,'any'
